Conjunto,r,Valor de P,,
pH-N,0.636654,0.00000115,,
pH-Dens,-0.5890264,0.0000106,,
pH-P,0.5910303,0.00000974,,
pH-Ca,0.8086293,3.61E-12,,
pH-Mg,-0.3957821,0.00536,,3.61E-12
pH-K,0.5795727,0.0000159,,
pH-Na,-6932614,4.72E-08,,
